barcodes,sample,experiment,leiden,center_dist_z,knn_purity_k30,silhouette,miscluster_score
ACGCACGCATGGACAG-1,CKO-fei-10XSC3,CKO,1,2.1623468,0.13333333333333333,-0.3694479,0.787039694667887
ACTATGGTCATTCGTT-1,CKO-fei-10XSC3,CKO,1,2.120878,0.0,-0.33784717,0.8452492428659605
ACTGTCCAGCAATAAC-1,CKO-fei-10XSC3,CKO,14,-0.8581089,0.13333333333333333,-0.7145501,0.8793974216090822
ACTTATCGTTGAGTCT-1,CKO-fei-10XSC3,CKO,14,1.9211907,0.0,-0.89871395,0.9953508117293379
AGATAGATCACATTGG-1,CKO-fei-10XSC3,CKO,1,3.1011858,0.2,-0.33869594,0.7454763944678192
AGATGAATCCTAGCCT-1,CKO-fei-10XSC3,CKO,14,-0.6115033,0.4,-0.7302698,0.7502710650270388
AGCATCAGTCCTCCAT-1,CKO-fei-10XSC3,CKO,1,3.49657,0.0,-0.59262365,0.9134336154505753
AGGCATTCACTAACCA-1,CKO-fei-10XSC3,CKO,14,-0.33027714,0.0,-0.69661504,0.9412642366002841
ATAGAGAAGGTCATAA-1,CKO-fei-10XSC3,CKO,2,2.136496,0.26666666666666666,-0.4406431,0.7394265965391926
ATCCCTGGTCACTACA-1,CKO-fei-10XSC3,CKO,14,1.9365406,0.03333333333333333,-0.8961971,0.978010570689065
ATGTCTTAGTCCTGTA-1,CKO-fei-10XSC3,CKO,1,2.6351628,0.0,-0.37688607,0.8556969996260296
ATTATCCTCAATCAGC-1,CKO-fei-10XSC3,CKO,1,3.1360154,0.0,-0.47237703,0.8812527000797885
ATTCACTCATCAGCAT-1,CKO-fei-10XSC3,CKO,1,2.889458,0.2,-0.3075271,0.7371348537489488
CAAGGGACAGTTACCA-1,CKO-fei-10XSC3,CKO,14,2.0336409,0.2,-0.88266677,0.8910561968440209
CATGGATAGCTGGCTC-1,CKO-fei-10XSC3,CKO,14,2.000017,0.23333333333333334,-0.8867664,0.8754866847093188
CATGGTAAGAGGCTGT-1,CKO-fei-10XSC3,CKO,14,1.889159,0.06666666666666667,-0.8827689,0.9577502045728261
CATTCCGCATCGTGGC-1,CKO-fei-10XSC3,CKO,14,1.9840654,0.0,-0.8900543,0.9930332761993139
CCCTAACAGATGAATC-1,CKO-fei-10XSC3,CKO,14,-0.70760584,0.0,-0.78535664,0.9650136439438801
CCGGACACATTGACAC-1,CKO-fei-10XSC3,CKO,1,5.1383796,0.0,-0.63138664,0.9238075320208899
CCGGGTATCACGACTA-1,CKO-fei-10XSC3,CKO,1,2.0072498,0.13333333333333333,-0.4470105,0.8077973300976939
CCTCTCCAGGGATCTG-1,CKO-fei-10XSC3,CKO,14,1.9692155,0.03333333333333333,-0.89303243,0.9771636337621208
CGTCAAATCCTACTGC-1,CKO-fei-10XSC3,CKO,14,1.9842584,0.03333333333333333,-0.8911893,0.9766703608764482
CTCCTTTCACATGAAA-1,CKO-fei-10XSC3,CKO,14,1.9236125,0.0,-0.8959284,0.9946053272990103
CTGCCTAGTTGCTCAA-1,CKO-fei-10XSC3,CKO,1,1.3938652,0.03333333333333333,-0.17137426,0.7840303822960681
CTGCTCAGTTGAAGTA-1,CKO-fei-10XSC3,CKO,1,2.3812835,0.1,-0.2961125,0.7840800328869086
CTTCTCTCATGTGGCC-1,CKO-fei-10XSC3,CKO,1,1.5082369,0.06666666666666667,-0.20921372,0.7774904733569954
GAAGTAACACTTGGGC-1,CKO-fei-10XSC3,CKO,14,1.9363213,0.03333333333333333,-0.8961104,0.9779873769893668
GAAGTAAGTTCGGCTG-1,CKO-fei-10XSC3,CKO,2,2.469319,0.06666666666666667,-0.44849655,0.8415283699457516
GACCCTTAGAGGTCGT-1,CKO-fei-10XSC3,CKO,1,1.9337826,0.1,-0.30902854,0.7875366757728126
GACTGATGTCGGCTAC-1,CKO-fei-10XSC3,CKO,1,2.1805975,0.1,-0.3850341,0.8078776142147471
GAGCTGCTCTTCACAT-1,CKO-fei-10XSC3,CKO,14,1.8815327,0.03333333333333333,-0.90053,0.9791701599640732
GATAGCTTCCTACGAA-1,CKO-fei-10XSC3,CKO,1,2.1994076,0.13333333333333333,-0.38480428,0.7911494380007607
GATCGTACAAGGTCAG-1,CKO-fei-10XSC3,CKO,1,1.6559386,0.06666666666666667,-0.19182496,0.772836818624218
GCAGCTGAGTATGGCG-1,CKO-fei-10XSC3,CKO,1,2.4643152,0.0,-0.44245845,0.8732457611799481
GCAGTTAGTCAAAGCG-1,CKO-fei-10XSC3,CKO,14,1.9646127,0.1,-0.89383054,0.9440438930611298
GCCAGCAAGCCAACCC-1,CKO-fei-10XSC3,CKO,1,1.5422276,0.06666666666666667,-0.23682854,0.7848808690046963
GCCAGCACAATTGAGA-1,CKO-fei-10XSC3,CKO,13,2.0499854,0.26666666666666666,-0.30615145,0.7034333643332783
GCCATTCCATTGGCAT-1,CKO-fei-10XSC3,CKO,1,2.5830903,0.26666666666666666,-0.29656914,0.7008689052307107
GGCACGTTCAAGCCTA-1,CKO-fei-10XSC3,CKO,1,3.84278,0.0,-0.63179475,0.923916752971257
GGCAGTCGTCAACCAT-1,CKO-fei-10XSC3,CKO,14,1.7973617,0.0,-0.89193517,0.9935366464796969
GGGAGATGTGCCCGTA-1,CKO-fei-10XSC3,CKO,1,1.324481,0.06666666666666667,-0.13349678,0.7572267807821782
GTAGAAATCTGCTCTG-1,CKO-fei-10XSC3,CKO,1,1.8240404,0.1,-0.28444245,0.7809568433012053
GTGTCCTAGGTATTGA-1,CKO-fei-10XSC3,CKO,14,1.890356,0.06666666666666667,-0.8825013,0.9576785816624789
GTTAGACTCTCAGAAC-1,CKO-fei-10XSC3,CKO,14,2.0020425,0.16666666666666666,-0.88489926,0.908320332560181
GTTAGTGGTGTGTTTG-1,CKO-fei-10XSC3,CKO,14,1.8943756,0.0,-0.89904624,0.9954397421803816
TAACACGTCTCGGTCT-1,CKO-fei-10XSC3,CKO,14,1.9181228,0.0,-0.89911306,0.9954576239804929
TACAGGTCAAGCGCTC-1,CKO-fei-10XSC3,CKO,14,2.0008209,0.3333333333333333,-0.8884304,0.825932022935505
TACTTCACATTGGATC-1,CKO-fei-10XSC3,CKO,14,2.0529118,0.1,-0.8801272,0.9403765448249414
TATCTGTCATCGATAC-1,CKO-fei-10XSC3,CKO,1,1.9922359,0.1,-0.42830238,0.8194572522330598
TCCGGGAGTATATGGA-1,CKO-fei-10XSC3,CKO,14,1.9347218,0.03333333333333333,-0.8826397,0.9743822880447341
TCGACCTTCTCTGAGA-1,CKO-fei-10XSC3,CKO,1,4.161738,0.03333333333333333,-0.64796835,0.9115785347570966
TCGACGGGTTTGCCGG-1,CKO-fei-10XSC3,CKO,14,-0.23914343,0.0,-0.73524857,0.9516035061859052
TCGCACTAGTGCGACA-1,CKO-fei-10XSC3,CKO,1,2.0095232,0.0,-0.24422465,0.8201935827855611
TCTATCACAGGCGAAT-1,CKO-fei-10XSC3,CKO,14,1.9358929,0.03333333333333333,-0.8901061,0.9763804715335214
TGATGGTAGTGACCTT-1,CKO-fei-10XSC3,CKO,1,4.120426,0.06666666666666667,-0.6473532,0.8947472311232002
TGCGGCAAGAGTCAAT-1,CKO-fei-10XSC3,CKO,14,1.7098278,0.0,-0.9050894,0.9970570321606449
TGTCCTGGTAGTCACT-1,CKO-fei-10XSC3,CKO,14,1.8536357,0.0,-0.90438414,0.9968682922329768
TGTGCGGTCTCCATAT-1,CKO-fei-10XSC3,CKO,1,4.127124,0.03333333333333333,-0.64980483,0.912070021057923
TGTTCATTCTGCGAGC-1,CKO-fei-10XSC3,CKO,14,2.3833125,0.0,-0.916086,1.0
TTAGGGTGTGACATCT-1,CKO-fei-10XSC3,CKO,1,1.0797503,0.1,-0.055071533,0.7195716144538793
TTAGGGTTCTACGGGC-1,CKO-fei-10XSC3,CKO,14,2.019713,0.2,-0.8844463,0.8915324493187045
TTCAGGAGTGAATGAT-1,CKO-fei-10XSC3,CKO,14,1.8892527,0.06666666666666667,-0.8857359,0.9585442458270061
TTCAGGAGTTACCCAA-1,CKO-fei-10XSC3,CKO,1,2.1472077,0.0,-0.3409316,0.846074708871451
AACCTGATCGCGGTAC-1,E2-fei-10XSC3,E2,14,-0.91147095,0.16666666666666666,-0.69550186,0.8576329903272004
ACAACCATCCGACATA-1,E2-fei-10XSC3,E2,14,-0.88760126,0.1,-0.6870963,0.8887167899828803
ACAGGGAGTATGCAAA-1,E2-fei-10XSC3,E2,14,-0.87265074,0.0,-0.7254904,0.9489919817387986
ACCCTTGAGGTCCCGT-1,E2-fei-10XSC3,E2,1,1.2746078,0.1,-0.08129276,0.7265890525391359
AGGCTGCAGGAAAGGT-1,E2-fei-10XSC3,E2,4,0.89318395,0.0,-0.03445601,0.7640544001274509
AGGCTGCCAGTCCCGA-1,E2-fei-10XSC3,E2,14,-0.7817491,0.2,-0.7597918,0.8581718695208667
CACTGAATCGAGTCCG-1,E2-fei-10XSC3,E2,3,10.001855,0.0,-0.69206655,0.9400469502057378
CATTCTACAGGCACAA-1,E2-fei-10XSC3,E2,14,-0.9164783,0.06666666666666667,-0.6911001,0.906454976845967
CCTTGTGGTCCTGGGT-1,E2-fei-10XSC3,E2,14,-0.8122169,0.16666666666666666,-0.7333363,0.8677584120874058
CGAGAAGGTTATTCCT-1,E2-fei-10XSC3,E2,14,-1.0270629,0.0,-0.7549079,0.9568648230894553
CGTAAGTTCTAGCCAA-1,E2-fei-10XSC3,E2,14,-0.6567756,0.0,-0.78914124,0.9660264939867536
CTACAGAGTTCTCTAT-1,E2-fei-10XSC3,E2,14,-0.81993383,0.26666666666666666,-0.74708253,0.8214372296102401
CTCATTACAGTAGTTC-1,E2-fei-10XSC3,E2,14,-0.63405997,0.06666666666666667,-0.70376825,0.9098452768178098
GATGACTGTTTCGACA-1,E2-fei-10XSC3,E2,7,2.5967205,0.06666666666666667,-0.2042023,0.7761492944816162
GATGGAGAGTTACGAA-1,E2-fei-10XSC3,E2,1,2.6243331,0.13333333333333333,-0.31234428,0.7717573834835498
GCTGGGTTCTGTCTCG-1,E2-fei-10XSC3,E2,1,1.2585206,0.16666666666666666,-0.21775557,0.7297764804999812
GGGTGTCCAGGTATGG-1,E2-fei-10XSC3,E2,1,2.4618194,0.0,-0.41729107,0.8665103602377033
GGTAACTCATTCCTAT-1,E2-fei-10XSC3,E2,11,4.0535445,0.0,-0.37594447,0.8554450034286551
GGTTCTCAGGTGATAT-1,E2-fei-10XSC3,E2,1,2.069367,0.13333333333333333,-0.4059118,0.796798324178532
GTACAGTCAGTCGCAC-1,E2-fei-10XSC3,E2,1,1.5227984,0.06666666666666667,-0.19973066,0.7749525777402754
GTCAGCGAGAAGTATC-1,E2-fei-10XSC3,E2,1,2.6204867,0.0,-0.434712,0.8711726208858777
GTCATGAAGGAGGCAG-1,E2-fei-10XSC3,E2,3,9.151529,0.0,-0.761242,0.9585599730753767
GTGGAGAGTTCAGCTA-1,E2-fei-10XSC3,E2,14,-0.89240533,0.13333333333333333,-0.6865835,0.8719128912843908
TCCAGAAAGGTGAGCT-1,E2-fei-10XSC3,E2,14,-0.6082742,0.43333333333333335,-0.72909456,0.7332898796858767
TGCTCGTTCAAGCCTA-1,E2-fei-10XSC3,E2,1,2.0401838,0.03333333333333333,-0.32306367,0.8246261521710163
TGGGAAGGTAGACAGC-1,E2-fei-10XSC3,E2,14,-0.64903826,0.03333333333333333,-0.70852816,0.9277858103663654
TGTGTGATCAGCGTCG-1,E2-fei-10XSC3,E2,14,1.909241,0.03333333333333333,-0.8986465,0.9786660878110722
TTCCGGTGTGGACCTC-1,E2-fei-10XSC3,E2,1,1.8056308,0.16666666666666666,-0.15695778,0.7135055139385321
TTCTGTAGTCTGTTAG-1,E2-fei-10XSC3,E2,1,4.255485,0.0,-0.5854804,0.9115219058586684
TTGCTGCAGCTCTTCC-1,E2-fei-10XSC3,E2,1,2.7029066,0.1,-0.32197416,0.7910012386531458
TTGTTTGTCTTACGGA-1,E2-fei-10XSC3,E2,13,2.4537354,0.1,-0.3782215,0.8060543964034976
TTTGACTGTTGCCATA-1,E2-fei-10XSC3,E2,1,4.4766273,0.0,-0.6017541,0.9158771530671992
TTTGGTTTCGTTGTTT-1,E2-fei-10XSC3,E2,14,-0.80994767,0.26666666666666666,-0.74352473,0.8204850755971821
AAGGAATAGACTCATC-1,TRA-fei-10XSC3,TRA,13,2.2712955,0.16666666666666666,-0.34955016,0.7650479124885163
ACAAGCTTCACACCGG-1,TRA-fei-10XSC3,TRA,14,2.093412,0.0,-0.87339973,0.9885761138963045
ACATTTCAGCTCGTGC-1,TRA-fei-10XSC3,TRA,2,2.404618,0.26666666666666666,-0.3887425,0.7255367368225696
AGCATCAGTAACATGA-1,TRA-fei-10XSC3,TRA,14,1.9361937,0.0,-0.8913417,0.9933778158965503
AGCTCAAGTCACCGAC-1,TRA-fei-10XSC3,TRA,13,2.8855243,0.0,-0.42421716,0.8683639499913363
AGGTTGTGTTGGCCGT-1,TRA-fei-10XSC3,TRA,14,-0.82977027,0.1,-0.7090987,0.8946051662641037
AGTACTGGTCCATCTC-1,TRA-fei-10XSC3,TRA,13,2.6287084,0.2,-0.34802017,0.7479717829241055
ATACCGAGTACTGGGA-1,TRA-fei-10XSC3,TRA,1,2.1822855,0.03333333333333333,-0.32426697,0.8249481840895221
ATCACTTGTAGTTACC-1,TRA-fei-10XSC3,TRA,14,1.9709567,0.0,-0.8870454,0.9922280209348947
CACACAAGTTATGACC-1,TRA-fei-10XSC3,TRA,14,-0.68507826,0.13333333333333333,-0.78203493,0.8974580078181018
CAGCACGCATAATGAG-1,TRA-fei-10XSC3,TRA,14,1.842841,0.0,-0.8893748,0.9928514273846236
CATCGCTCAGGTGAGT-1,TRA-fei-10XSC3,TRA,14,-0.80131876,0.3,-0.7529622,0.8063440975634247
CATGCAAAGCAGGCAT-1,TRA-fei-10XSC3,TRA,14,2.0228677,0.16666666666666666,-0.88396466,0.9080702106817298
CATGGTAAGCCTCACG-1,TRA-fei-10XSC3,TRA,14,1.9889503,0.2,-0.8892614,0.8928210874455411
CGGGACTAGGTCCTGC-1,TRA-fei-10XSC3,TRA,14,2.009477,0.23333333333333334,-0.8863946,0.8753871942657028
CGTGATAAGGTCGTCC-1,TRA-fei-10XSC3,TRA,14,1.9974179,0.23333333333333334,-0.88697135,0.8755415424350836
CTCCACAAGTACTCGT-1,TRA-fei-10XSC3,TRA,14,-0.9452551,0.03333333333333333,-0.7048983,0.92681437080796
CTCCGATGTGGGCTCT-1,TRA-fei-10XSC3,TRA,14,1.9785167,0.23333333333333334,-0.8890703,0.8761032638526717
CTGCAGGAGCAGCAGT-1,TRA-fei-10XSC3,TRA,13,2.2803626,0.0,-0.16562396,0.7991581294242762
GAAGTAAGTATGTGTC-1,TRA-fei-10XSC3,TRA,1,2.3683882,0.06666666666666667,-0.3043187,0.8029428749106026
GACCAATAGGTCGTGA-1,TRA-fei-10XSC3,TRA,14,-0.82828593,0.16666666666666666,-0.7285597,0.8664800627750846
GAGTCATAGATCCCGC-1,TRA-fei-10XSC3,TRA,14,2.005232,0.3333333333333333,-0.8873313,0.8256378745019184
GCAACCGGTGGGTATG-1,TRA-fei-10XSC3,TRA,1,1.6855931,0.06666666666666667,-0.21176662,0.778173690519942
GCACATACAACCGCTG-1,TRA-fei-10XSC3,TRA,1,1.3216318,0.1,-0.14067657,0.7424816020857874
GGGAAGTTCCTATTTG-1,TRA-fei-10XSC3,TRA,2,2.5903726,0.03333333333333333,-0.4847676,0.8679020465656653
GGGAGTATCGGCATCG-1,TRA-fei-10XSC3,TRA,14,2.0521326,0.0,-0.88097215,0.9906026753711737
GTAATCGAGTCGAGGT-1,TRA-fei-10XSC3,TRA,14,2.0250463,0.16666666666666666,-0.8837823,0.9080214145831212
GTGTTAGGTAGGACCA-1,TRA-fei-10XSC3,TRA,14,-0.79304594,0.3,-0.7546176,0.8067871227503012
GTTACCCAGTAGCAAT-1,TRA-fei-10XSC3,TRA,14,1.8328214,0.0,-0.9055751,0.9971870221598476
GTTACGAAGGTAAGAG-1,TRA-fei-10XSC3,TRA,14,1.9764286,0.16666666666666666,-0.8919189,0.9101989584291346
GTTGTAGAGCAAGCCA-1,TRA-fei-10XSC3,TRA,14,2.0228806,0.26666666666666666,-0.88513047,0.8583822090621269
TAATTCCGTATGACAA-1,TRA-fei-10XSC3,TRA,14,1.9169682,0.03333333333333333,-0.8905588,0.9765016243183962
TCATCCGAGCGAACTG-1,TRA-fei-10XSC3,TRA,2,1.9747351,0.16666666666666666,-0.33293223,0.7606005524746848
TCGAAGTTCCAATCTT-1,TRA-fei-10XSC3,TRA,12,15.333928,0.0,-0.89464575,0.9942620637338069
TCTTTGAAGAGGTTTA-1,TRA-fei-10XSC3,TRA,3,10.7944765,0.0,-0.8358464,0.9785259360710898
TGAGGGACACATGGTT-1,TRA-fei-10XSC3,TRA,14,1.9669973,0.03333333333333333,-0.8855434,0.9751593886461771
TGCGGGTGTACATACC-1,TRA-fei-10XSC3,TRA,1,1.8441168,0.06666666666666667,-0.22488828,0.7816853665997653
TGGATCAGTCTTAGTG-1,TRA-fei-10XSC3,TRA,1,1.3835531,0.0,-0.14313957,0.7931407601220009
TGGGATTTCAAAGGTA-1,TRA-fei-10XSC3,TRA,14,-0.92433447,0.03333333333333333,-0.72991174,0.9335085766130173
TGTGCGGCACTGATTG-1,TRA-fei-10XSC3,TRA,1,1.7538427,0.06666666666666667,-0.2783807,0.7960012350801884
TGTTACTGTAGGCTCC-1,TRA-fei-10XSC3,TRA,13,2.5131624,0.23333333333333334,-0.32049778,0.7239394576482799
TTCCAATAGGTAAGTT-1,TRA-fei-10XSC3,TRA,1,2.0575733,0.16666666666666666,-0.3508847,0.7654050699412281
TTCTCTCGTGGTTCTA-1,TRA-fei-10XSC3,TRA,14,1.9362323,0.0,-0.8867229,0.9921417225061688
TTTGGTTAGCTCTTCC-1,TRA-fei-10XSC3,TRA,14,1.6503245,0.0,-0.8995539,0.9955756023869358
AACACACGTGCTCTCT-1,WT-fei-10XSC3,WT,14,2.0025,0.2,-0.8849462,0.8916662358107051
AAGCGTTCACAAATCC-1,WT-fei-10XSC3,WT,14,2.0212746,0.0,-0.8855647,0.991831750035374
ACTATTCCACTTACAG-1,WT-fei-10XSC3,WT,14,1.9793539,0.2,-0.8884491,0.8926036824020838
AGATGAATCTGGTTGA-1,WT-fei-10XSC3,WT,1,2.965501,0.0,-0.5345007,0.8978785071167272
AGTGACTTCGGTTCAA-1,WT-fei-10XSC3,WT,13,1.9515747,0.1,-0.07791201,0.7256842809096686
ATCGTAGGTCACCTTC-1,WT-fei-10XSC3,WT,2,3.0254097,0.0,-0.57777137,0.9094587832010563
ATTACCTTCTGGTGCG-1,WT-fei-10XSC3,WT,1,-0.00534135,0.0,0.07873186,0.7337625778992221
CAACGATCATCCTCAC-1,WT-fei-10XSC3,WT,14,2.0064101,0.3,-0.88775456,0.8424178138214898
CAAGCTAAGAGCAACC-1,WT-fei-10XSC3,WT,14,1.9678966,0.06666666666666667,-0.89229155,0.9602986880975068
CACATGAGTGTCCATA-1,WT-fei-10XSC3,WT,14,1.9846865,0.2,-0.8890652,0.8927685746123868
CACCGTTAGTCAAGCG-1,WT-fei-10XSC3,WT,14,-0.6486662,0.4666666666666667,-0.7775675,0.729595749168115
CACTGAACAGCAGTAG-1,WT-fei-10XSC3,WT,1,2.2089825,0.13333333333333333,-0.38789642,0.7919769697449794
CAGGTATAGTTGGCTT-1,WT-fei-10XSC3,WT,2,1.3886228,0.16666666666666666,-0.13151045,0.7066951920822175
CATAAGCAGATTGCGG-1,WT-fei-10XSC3,WT,14,1.9688987,0.03333333333333333,-0.88621336,0.9753386851968016
CATACCCCATCCTTCG-1,WT-fei-10XSC3,WT,1,3.210173,0.0,-0.51997733,0.8939916960741784
CATAGACTCGTCCATC-1,WT-fei-10XSC3,WT,1,3.6732671,0.0,-0.5464328,0.9010718201576393
CATTGCCAGTCCCAAT-1,WT-fei-10XSC3,WT,14,2.0494843,0.1,-0.88080937,0.9405591114639001
CCATAAGAGCCTGTGC-1,WT-fei-10XSC3,WT,1,1.9340792,0.1,-0.32286033,0.7912383998156376
CCTATCGAGGGTTAGC-1,WT-fei-10XSC3,WT,1,1.8111955,0.03333333333333333,-0.3549028,0.8331470771745884
CCTCCTCAGTCGCCCA-1,WT-fei-10XSC3,WT,14,-0.9065206,0.13333333333333333,-0.688104,0.8723198019347359
CTACGGGTCCGGTTCT-1,WT-fei-10XSC3,WT,14,2.0769782,0.03333333333333333,-0.8748895,0.9723081427966878
CTCCAACCAATGCAGG-1,WT-fei-10XSC3,WT,1,1.6698501,0.1,-0.2528967,0.7725144323209581
CTGGACGGTACCGCGT-1,WT-fei-10XSC3,WT,1,2.9743793,0.0,-0.5324196,0.8973215552426123
CTTCGGTAGAGGTCAC-1,WT-fei-10XSC3,WT,2,1.4700218,0.16666666666666666,-0.14925192,0.7114432407063044
CTTTCGGCATCGTCCT-1,WT-fei-10XSC3,WT,14,1.924796,0.03333333333333333,-0.8818999,0.9741842961598275
GACCGTGTCGAGGCAA-1,WT-fei-10XSC3,WT,1,1.9362471,0.03333333333333333,-0.33005098,0.8264961242696216
GACCGTGTCTCATTAC-1,WT-fei-10XSC3,WT,1,3.1954587,0.06666666666666667,-0.38364974,0.8241737878322913
GATTCGACAGAGCGTA-1,WT-fei-10XSC3,WT,14,1.9855788,0.23333333333333334,-0.8908604,0.8765823397694781
GCACGTGCAGGTTCGC-1,WT-fei-10XSC3,WT,14,-0.7661639,0.1,-0.76934224,0.9107278024162895
GCAGCCAAGGGTCTTT-1,WT-fei-10XSC3,WT,14,1.8398035,0.0,-0.881416,0.9907214673117877
GCCATGGCATAACCCA-1,WT-fei-10XSC3,WT,14,2.0020049,0.2,-0.88561124,0.8918442083743454
GCCGTGAAGGAACGAA-1,WT-fei-10XSC3,WT,14,2.0152063,0.03333333333333333,-0.8867671,0.9754868760291238
GCTGGGTAGTGCTACT-1,WT-fei-10XSC3,WT,14,2.005766,0.3,-0.88781,0.8424326488563725
GGAAGTGAGGTCGTAG-1,WT-fei-10XSC3,WT,14,2.0464792,0.03333333333333333,-0.87891924,0.9733866019777033
GGGCGTTAGAATCCCT-1,WT-fei-10XSC3,WT,3,12.707038,0.0,-0.76028144,0.9583029122289966
GGTGTCGCAAGTATCC-1,WT-fei-10XSC3,WT,14,2.0552452,0.03333333333333333,-0.8757838,0.9725474813594608
GTAACCACACGGGTAA-1,WT-fei-10XSC3,WT,14,1.7921498,0.0,-0.879412,0.9901851409216547
GTAACCATCAGTGTCA-1,WT-fei-10XSC3,WT,14,-0.6701659,0.26666666666666666,-0.77902263,0.8299851767096091
GTAATCGCACCGTACG-1,WT-fei-10XSC3,WT,1,1.8477286,0.13333333333333333,-0.18274958,0.7370746950083996
GTAGAAAGTCGGCACT-1,WT-fei-10XSC3,WT,1,3.8398745,0.0,-0.5926379,0.9134374278950237
GTCCTCAGTGCCGTTG-1,WT-fei-10XSC3,WT,14,-0.67266697,0.2,-0.7841197,0.8646826153945422
GTCTACCAGACAGTCG-1,WT-fei-10XSC3,WT,14,1.9011624,0.1,-0.8997028,0.9456154496596635
GTGAGGACAGTGTACT-1,WT-fei-10XSC3,WT,14,-0.82009995,0.23333333333333334,-0.73481864,0.8348217803814875
GTTTACTGTCACAATC-1,WT-fei-10XSC3,WT,1,2.0853746,0.03333333333333333,-0.32984242,0.826440309444832
TACTTGTAGCGTTCCG-1,WT-fei-10XSC3,WT,14,1.8732889,0.0,-0.89603096,0.9946327800893684
TAGACCAGTGTATACC-1,WT-fei-10XSC3,WT,6,0.52356935,0.2,-0.3298516,0.7431094327489954
TCACGCTAGTAACGAT-1,WT-fei-10XSC3,WT,1,2.9295228,0.0,-0.5154889,0.8927904889432468
TCACTATTCGAAATCC-1,WT-fei-10XSC3,WT,1,3.2415724,0.2,-0.34368184,0.7468107420489098
TCAGCAAAGGATTTGA-1,WT-fei-10XSC3,WT,2,3.241067,0.06666666666666667,-0.5118005,0.8584700515641374
TCAGTCCGTGTACGCC-1,WT-fei-10XSC3,WT,1,3.190887,0.0,-0.56546557,0.9061654533120646
TCATCCGTCGACGCGT-1,WT-fei-10XSC3,WT,1,1.8093694,0.03333333333333333,-0.25558236,0.8065665150851962
TCCTCGACAGCGACCT-1,WT-fei-10XSC3,WT,14,2.0330396,0.0,-0.868856,0.9873601036337911
TCCTGCAGTCTGTGGC-1,WT-fei-10XSC3,WT,1,1.8010164,0.1,-0.29404497,0.7835267100132624
TCTCACGCAATCGAAA-1,WT-fei-10XSC3,WT,14,-0.61313397,0.4,-0.72978175,0.75014045291347
TCTCTGGCACTTCTCG-1,WT-fei-10XSC3,WT,14,-0.82343304,0.2,-0.72856665,0.8498152624681827
TGATCTTAGATGGTCG-1,WT-fei-10XSC3,WT,14,1.9995254,0.2,-0.8889908,0.8927486669526733
TGATGCATCCGCACTT-1,WT-fei-10XSC3,WT,14,1.8839786,0.1,-0.9012959,0.94604180537186
TGGATGTAGGGTACGT-1,WT-fei-10XSC3,WT,14,1.6462907,0.0,-0.8986412,0.9953313507158359
TGGATGTGTACGGCAA-1,WT-fei-10XSC3,WT,1,2.9642327,0.13333333333333333,-0.33884174,0.7788487455047256
TGGGAAGGTAGGCAAC-1,WT-fei-10XSC3,WT,14,1.9024179,0.03333333333333333,-0.900108,0.9790572222791603
TGGTAGTTCCCTATTA-1,WT-fei-10XSC3,WT,1,3.993397,0.0,-0.5533722,0.9029289751051391
TGTCCTGGTGAGATAT-1,WT-fei-10XSC3,WT,14,1.9660151,0.13333333333333333,-0.89347446,0.9272819312515719
TTGACCCTCAGTGGGA-1,WT-fei-10XSC3,WT,14,1.9739951,0.13333333333333333,-0.8924462,0.9270067493303245
TTGGGATTCATTGCCC-1,WT-fei-10XSC3,WT,14,2.0019066,0.0,-0.8866774,0.9921295354452546
TTTATGCGTTTAGAGA-1,WT-fei-10XSC3,WT,1,4.93298,0.0,-0.6436993,0.927102696349679
